https://www.cnn.com/,228
https://www.cnn.com/business/media,206
https://www.cnn.com/business/tech,206
https://www.cnn.com/specials/politics/president-donald-trump-45,321
https://www.cnn.com/election/2020/primaries-and-caucuses,287
https://www.cnn.com/politics,232
https://www.cnn.com/business,318
https://dfw.cbslocal.com/2020/03/03/unruly-passenger-tried-to-open-door-on-american-airlines-flight-to-dfw-witness-says/,244
https://www.cnn.com/specials/politics/supreme-court-nine,292
https://www.cnn.com/specials/politics/congress,332
https://www.cnn.com/uk,289
https://www.cnn.com/middle-east,263
https://www.cnn.com/videos/politics/2020/03/05/trump-false-claim-obama-administration-coronavirus-diagnostic-testing-ebof-vpx.cnn,271
https://www.cnn.com/videos/us/2020/03/04/curiosity-rover-panorama-mars-yn-orig.cnn,259
https://www.cnn.com/india,297
https://money.cnn.com/data/markets/,260
https://www.cnn.com/europe,306
https://www.cnn.com/specials/politics/fact-check-politics,505
https://www.cnn.com/2019/03/28/politics/fact-checking-trump-border-wall-claims-on-hannity/index.html,236
https://preferences-mgr.truste.com/?pid=turnermedia01&aid=turnermedia01&type=turner_pop&site=turner.com&action=notice&country=us&locale=en&behavior=implied&from=http://consent.truste.com/,0
https://www.cnn.com/feedback,228
https://www.cnn.com/2018/07/12/politics/trump-nato-press-conference-fact-check/index.html,256
https://www.cnn.com/2019/04/09/politics/fact-check-trump-claim-obama-separated-families/index.html,276
https://www.cnn.com/2019/01/08/politics/mike-pence-southern-border-fact-check/index.html,272
https://www.cnn.com/2019/01/18/politics/fact-check-trump-afghanistan/index.html,274
https://www.cnn.com/2019/02/14/politics/high-speed-rail-fact-check/index.html,279
https://www.cnn.com/2019/02/12/politics/fact-checking-some-of-trumps-el-paso-speech/index.html,253
https://www.cnn.com/2019/02/15/politics/fact-check-trump-national-emergency-immigration-speech/index.html,246
https://www.cnn.com/2019/04/01/politics/fact-check-can-trump-close-the-border/index.html,236
https://www.cnn.com/profiles/holmes-lybrand,255
https://www.cnn.com/2019/03/26/politics/fact-check-trump-claims-mueller-report-said-no-obstruction/index.html,268
https://www.cnn.com/specials/cnn-underscored/Lifestyle/,109
https://www.cnn.com/2019/12/06/politics/rudy-giuliani-new-ukraine-conspiracies-fact-check/index.html,275
https://www.cnn.com/2019/12/03/politics/witness-testimony-casts-doubt-on-trump-sondland-phone-call/index.html,244
https://www.cnn.com/2019/10/31/politics/katie-hill-final-speech-resignation/index.html,279
https://www.cnn.com/2019/11/17/politics/anonymous-book-takeaways/index.html,273
https://www.cnn.com/2020/02/13/cnn-underscored/target-open-story-luggage/index.html,31
https://www.cnn.com/2019/11/06/politics/sixth-amendment-require-whistle-blower-to-face-donald-trump-fact-check/index.html,273
https://www.cnn.com/2019/11/07/politics/elizabeth-warren-tax-medicare-for-all-middle-class-fact-check/index.html,245
https://www.cnn.com/2019/11/26/politics/donald-trump-womens-suffrage-centennial-coin-fact-check/index.html,280
https://www.cnn.com/2019/12/03/politics/five-takeaways-democratic-report-impeachment/index.html,277
https://www.cnn.com/2020/01/07/politics/us-mexico-canada-trade-deal-senate-markup/index.html,242
https://www.cnn.com/2019/12/10/politics/barr-interview-on-russia-report-fact-check/index.html,278
https://www.cnn.com/2020/01/10/politics/pompeo-trump-intelligence-community-here-are-the-facts/index.html,254
https://www.cnn.com/2020/01/16/politics/senate-vote-on-trump-trade-deal-usmca/index.html,239
https://www.cnn.com/2020/01/29/politics/khanna-lee-aumf-preview/index.html,243
https://www.cnn.com/2020/01/08/politics/house-democrats-finalizing-details-iran-war-powers-resolution/index.html,241
https://www.cnn.com/2020/01/09/politics/war-powers-resolution-democrats-no-votes/index.html,274
https://www.cnn.com/2020/01/09/politics/war-powers-resolution-republicans-yes-vote/index.html,274
https://www.cnn.com/2019/10/05/politics/guiliani-ukraine-shokin-lutsenko-intl/index.html,286
https://www.npr.org/2020/01/13/796082184/defense-secretary-mark-esper-on-nested-communications-and-iran-backed-militias,100
https://www.cnn.com/profiles/caroline-kelly,255
https://www.cnn.com/politics/live-news/impeachment-hearing-11-15-19/h_6bb8ee4b977504dcc30aaadd3481be4d,242
https://www.cnn.com/2020/01/07/politics/rockets-us-airbase-iraq/index.html,271
https://www.npr.org/sections/publiceditor/,257
https://www.cnn.com/2020/01/05/politics/pelosi-war-powers-resolution/index.html,264
https://www.cnn.com/2020/01/07/politics/qasem-soleimani-reasons-justifications/index.html,283
https://www.cnn.com/2020/01/09/politics/house-vote-war-powers-resolution-iran/index.html,277
https://www.nytimes.com/2019/10/05/world/europe/ukraine-prosecutor-trump.html,193
https://www.cnn.com/2015/02/11/politics/president-obama-isis-authorization-military-force/index.html,238
https://www.cnn.com/videos/politics/2020/01/09/house-war-powers-resolution-vote-mattingly-tsr-vpx.cnn/video/playlists/this-week-in-politics/,273
https://www.cnn.com/2020/01/19/politics/trump-iran-powers-vote-inside-politics-forecast-cnntv/index.html,250
https://www.cnn.com/2020/02/18/politics/white-house-aide-california-occupied-territory/index.html,243
https://www.cnn.com/2019/09/28/politics/trump-ukraine-scandal-people/index.html,276
https://www.cnn.com/2019/12/19/politics/congress-us-mexico-canada-trade/index.html,275
https://www.cnn.com/2020/02/18/politics/kansas-federal-judge-murguia-resigns-sexual-misconduct/index.html,240
https://www.npr.org/templates/corrections/corrections.php,231
https://edition.cnn.com/middleeast/live-news/baghdad-airport-strike-live-intl-hnk/h_58f9123e162b97736f15525aeb88423d,245
https://www.nytimes.com/2019/09/26/us/politics/who-is-whistleblower.html,201
https://www.cnn.com/2019/10/17/politics/parnas-fruman-perry-naftogaz/index.html,256
https://www.cnn.com/2019/10/22/politics/who-is-laura-cooper/index.html,242
https://open.spotify.com/show/5qZVjeWMl3JRAwalPYpZQF?si=p5n0A3YUSvC3nBwHj_8NPw,16
https://www.cnn.com/2019/09/26/politics/justice-department-ignored-allegations-sharing-complaint/index.html,273
https://www.cnn.com/2019/10/28/politics/charles-kupperman-no-show-deposition/index.html,274
https://www.cnn.com/2019/09/23/politics/ic-ig-michael-atkinson-whistleblower-complaint/index.html,277
https://www.cnn.com/2019/11/06/politics/jennifer-williams-testify/index.html,243
https://www.cnn.com/profiles/katie-lobosco,255
https://www.cnn.com/2019/10/16/politics/michael-mckinley-deposition-pompeo-marie-yovanovitch/index.html,240
https://www.cnn.com/2019/10/26/politics/philip-reeker-impeachment-deposition/index.html,284
https://www.cnn.com/videos/politics/2019/12/10/usmca-trade-deal-nancy-pelosi-donald-trump-sot-vpx.cnn/video/playlists/top-news-videos/,271
https://www.cnn.com/2019/11/06/politics/who-is-david-hale/index.html,243
https://www.cnn.com/2019/10/27/opinions/john-bolton-donald-trump-achilles-heel-vinograd/index.html,257
https://www.cnn.com/profiles/zachary-cohen-profile,1049
https://www.cnn.com/2018/05/09/politics/mike-pompeo-north-korea-prisoners-tick-tock/index.html,247
https://www.cnn.com/2018/05/03/politics/military-air-crashes/index.html,244
https://www.cnn.com/2018/05/03/asia/south-china-sea-missiles-spratly-intl/index.html,255
https://www.cnn.com/2018/05/12/politics/trump-jerusalem-embassy-cost/index.html,272
https://www.cnn.com/2018/05/22/politics/f-35-fighter-jet-combat-israel/index.html,272
https://www.cnn.com/2018/05/23/politics/rohrabacher-assange-interview/index.html,245
https://www.cnn.com/2019/12/10/politics/usmca-nancy-pelosi-donald-trump-trade-deal/index.html,272
https://www.cnn.com/2018/04/14/politics/syria-airstrikes-weapons-used-intl/index.html,257
https://www.cnn.com/2018/04/14/politics/trump-syria-strike/index.html,270
https://www.cnn.com/2018/06/25/politics/trump-administration-russia-outreach/index.html,245
https://www.cnn.com/2018/06/20/politics/kim-xi-meeting-trump-summit/index.html,278
https://www.cnn.com/2018/02/07/politics/us-military-sexual-assault-investigations/index.html,261
https://www.cnn.com/2018/04/13/politics/trump-us-syria/index.html,290
https://www.cnn.com/2020/03/03/politics/nsc-senior-director-for-intelligence-michael-ellis/index.html,276
https://www.cnn.com/2018/06/27/politics/north-korea-infrastructure-improvements-nuclear-facility/index.html,274
https://www.cnn.com/2018/05/03/us/military-plane-crash-savannah-georgia/index.html,238
https://www.cnn.com/2018/04/20/asia/australia-china-south-china-sea-intl/index.html,251
https://www.cnn.com/2020/02/13/politics/pentagon-border-wall/index.html,275
https://www.wsj.com/articles/china-installed-military-jamming-equipment-on-spratly-islands-u-s-says-1523266320,348
https://www.cnn.com/2020/02/18/politics/odni-lawyer-resign-whistleblower-complaint/index.html,275
https://www.npr.org/sections/ed/2018/08/27/640323347/the-school-shootings-that-werent,122
https://www.npr.org/templates/corrections/corrections.php?year=2018,1254
https://www.npr.org/2018/08/27/642299525/one-of-chicagos-deadliest-fires-claims-eight-lives-most-of-them-children,93
https://www.npr.org/2018/08/28/642496637/illinois-tourism-trail-for-famed-architect-frank-lloyd-wright,100
https://www.npr.org/2018/08/27/642342319/the-strange-story-of-those-supposedly-fake-michael-jackson-songs,104
https://www.npr.org/2018/08/28/642696463/big-questions-remain-on-whether-canada-will-agree-to-tentative-trade-deal,102
https://www.npr.org/2018/08/24/641705970/some-young-veterans-abandon-the-american-legion-in-favor-of-new-organizations,104
https://www.npr.org/2018/08/29/642937901/whats-meat-anyway-missouri-label-law-says-it-comes-from-an-animal-some-disagree,112
https://www.npr.org/2018/08/21/640437993/u-s-prison-inmates-to-strike-over-poor-living-conditions,100
https://www.npr.org/2018/08/28/642492652/tuesday-august-28th-2018,106
https://www.npr.org/2018/08/14/638629428/che-apalache-hopes-to-open-minds-and-ears-with-their-latin-bluegrass-fusion,101
https://www.npr.org/sections/thesalt/2018/08/28/638587970/haute-pot-how-high-end-california-chefs-are-cashing-in-on-marijuana,130
https://www.npr.org/2018/08/31/643582399/longtime-staffer-remembers-john-mccain,106
https://www.npr.org/2018/08/29/642955787/will-more-logging-save-western-forests-from-wildfires,112
https://www.npr.org/sections/money/2018/08/24/641739640/episode-861-food-scare-squad,139
https://www.npr.org/2018/08/29/642947215/andrew-gillum-floridas-upset-democratic-candidate-in-an-early-tangle-with-trump,122
https://www.npr.org/rss/podcast.php?id=510318,0
https://www.npr.org/sections/goatsandsoda/2018/08/31/643646174/mission-impossible-fails-at-one-mission-depicting-a-medical-camp,111
https://www.npr.org/2018/04/11/601419966/if-you-eat-a-really-hot-pepper-brace-for-a-thunderclap-headache,100
https://www.npr.org/sections/thesalt/2018/02/14/584373584/black-restaurant-week-across-u-s-events-remind-diners-we-re-here-support-us,108
https://www.npr.org/2018/02/13/585255697/white-house-budget-calls-for-deep-cuts-to-hud,114
https://www.npr.org/sections/thetwo-way/2018/02/11/584906676/4-killed-in-grand-canyon-helicopter-crash,103
https://www.npr.org/2018/02/21/587502669/lindsey-vonn-wins-bronze-in-downhill-at-pyeongyang-winter-olympics,105
https://www.npr.org/sections/parallels/2018/02/14/585152138/yazidi-women-finally-go-to-school-defying-former-isis-rulers-and-their-own-paren,116
https://www.npr.org/rss/podcast.php?id=510289,0
https://www.theatlantic.com/health/archive/2018/02/gun-violence-public-health/553430/,95
https://www.npr.org/tags/126923808/chicago,207
https://www.npr.org/transcripts/641737545,106
https://www.npr.org/tags/130677822/fire,193
https://www.npr.org/tags/149488489/food-labeling,209
https://open.spotify.com/show/4FYpq3lSeQMAhqNI81O0Cn,211
https://www.npr.org/2019/11/01/774773257/before-california-wildfire-devastates-farm-family-races-to-save-animals,108
https://www.npr.org/2019/10/21/771280208/are-blackouts-the-future-for-california,109
https://www.npr.org/sections/thetwo-way/2018/03/30/598232263/30-dogs-feared-dead-following-michigan-kennel-fire,95
https://www.npr.org/sections/energy/,211
https://www.npr.org/sections/thetwo-way/2018/01/15/578127991/woman-dies-after-florida-boat-fire-sends-dozens-of-panicked-passengers-overboard,102
https://www.npr.org/2020/02/26/809210657/alaska-feels-the-brunt-as-investors-promise-retreat-on-fossil-fuels,101
https://www.bbc.com/news/entertainment-arts-11709630,166
https://www.npr.org/tags/130677822/fire/archive,252
https://www.npr.org/tags/149488489/food-labeling/archive,260
https://www.npr.org/tags/130677822/fire/archive?start=placeholder,252
https://open.spotify.com/episode/5x15IF1g9DLjWUCBQproGo,13
https://www.npr.org/tags/479588392/boat,122
https://open.spotify.com/episode/6vjuSyR2pFio1VctNx7CD5,13
https://open.spotify.com/episode/71rVXwON9W9wlvcs98WUVq,13
https://open.spotify.com/episode/61QKOJGBBRQtuYwJcnzvYz,13
https://www.billboard.com/music/michael-jackson/chart-history/billboard-200/song/677865,225
https://www.npr.org/tags/133428186/dogs,213
https://www.npr.org/tags/128938073/electricity,226
https://www.npr.org/sections/health-shots/2020/01/25/799404129/how-super-sniffer-dogs-are-helping-detect-disease-around-the-world,106
https://www.npr.org/transcripts/785804873,100
https://www.npr.org/tags/149488489/food-labeling/archive?date=3-31-2019,260
https://www.npr.org/sections/health-shots/2019/10/26/773531999/dog-people-live-longer-but-why,121
https://www.npr.org/2019/08/31/756092562/opinion-the-real-problem-at-a-beltway-dog-park-hint-its-not-the-dogs,110
https://www.npr.org/tags/149488489/food-labeling/archive?date=5-31-2017,258
https://www.npr.org/tags/149488489/food-labeling/archive?date=6-30-2015,259
https://www.npr.org/tags/149488489/food-labeling/archive?date=4-30-2012,198
https://www.bbc.co.uk,116
https://www.npr.org/2017/01/25/511616327/as-obama-clean-power-plan-fades-states-craft-strategies-to-move-beyond-it,125
https://www.npr.org/tags/149488489/food-labeling/archive?date=3-31-2012,194
https://www.npr.org/2020/02/12/804872231/standard-poodle-takes-best-in-show-at-westminster-kennel-club-competition,123
https://www.npr.org/transcripts/486933685,102
https://www.npr.org/tags/149488489/food-labeling/archive?date=5-31-2015,259
https://www.npr.org/sections/goatsandsoda/2015/12/11/458740466/the-wind-and-the-sun-come-to-the-rescue-in-power-short-south-africa,105
https://www.npr.org/sections/alltechconsidered/2016/04/05/470810118/solar-and-wind-energy-may-be-nice-but-how-can-we-store-it,140
https://www.npr.org/sections/goatsandsoda/2015/11/14/455926027/waking-up-without-power-starts-the-day-off-wrong,109
https://www.npr.org/sections/thesalt/2012/06/15/155100877/kosher-the-hottest-word-on-food-labels,109
https://www.npr.org/tags/674558146/cardiovascular-health,108
https://www.npr.org/sections/alltechconsidered/,255
https://www.billboard.com/music/michael-jackson/chart-history/DGL,199
https://www.billboard.com/music/michael-jackson/chart-history/LUS,196
https://www.billboard.com/music/michael-jackson/chart-history/3AG,193
https://www.npr.org/2016/06/27/483766620/obama-to-set-new-clean-energy-goal-50-percent-carbon-free-power-by-2025,99
https://www.npr.org/tags/128938073/electricity/archive?start=placeholder,294
https://www.npr.org/tags/128938073/electricity/archive,294
https://www.npr.org/tags/128526161/heart-disease,220
https://www.npr.org/tags/149488489/food-labeling/archive?start=placeholder&date=4-30-2012,198
https://www.npr.org/2015/08/04/427734398/when-relying-on-the-sun-energy-storage-remains-out-of-reach,122
https://www.npr.org/tags/149488489/food-labeling/archive?start=placeholder&date=3-31-2019,260
https://www.wbur.org/commonhealth/2019/10/17/dogs-cardiac-health-longevity#mailmunch-pop-772170,88
https://www.npr.org/tags/149488489/food-labeling/archive?start=placeholder&date=5-31-2017,258
https://www.npr.org/transcripts/583682556,102
https://www.npr.org/transcripts/583682718,102
https://www.npr.org/tags/126929311/nevada,202
https://www.npr.org/tags/149488489/food-labeling/archive?start=placeholder&date=3-31-2012,194
https://www.npr.org/tags/149488489/food-labeling/archive?start=placeholder&date=5-31-2015,259
https://www.census.gov/library/visualizations/2018/comm/historic-first.html,232
https://www.npr.org/tags/128938073/electricity/archive?date=2-28-2013,220
https://www.npr.org/tags/140110740/solar-power,230
https://www.npr.org/sections/health-shots/2016/12/08/504667607/life-expectancy-in-u-s-drops-for-first-time-in-decades-report-finds,128
https://www.npr.org/tags/128938073/electricity/archive?date=1-31-2013,220
https://www.npr.org/2014/09/17/348987688/when-the-powers-out-solar-panels-may-not-keep-the-lights-on,119
https://www.npr.org/tags/128938073/electricity/archive?date=12-31-2012,220
https://www.npr.org/tags/128938073/electricity/archive?date=11-30-2012,220
https://www.npr.org/sections/alltechconsidered/archive,322
https://es.wikipedia.org/wiki/Wikipedia:Portada#mw-head,313
https://es.wikipedia.org/wiki/Archivo:Vastago_2.JPG,122
https://es.wikipedia.org/wiki/Ra%C3%ADz_(bot%C3%A1nica),295
https://es.wikipedia.org/wiki/Talo_(biolog%C3%ADa),120
https://es.wikipedia.org/wiki/Caliptra,101
https://es.wikipedia.org/wiki/Cormo_(espor%C3%B3fito),74
https://es.wikipedia.org/wiki/Polysporangiophyta,109
https://es.wikipedia.org/wiki/Radicula,202
https://es.wikipedia.org/wiki/Wikipedia:Art%C3%ADculos_destacados/%C3%8Dndice_por_temas,112
https://es.wikipedia.org/wiki/Parafil%C3%A9tico,150
https://es.wikipedia.org/wiki/Tracheophyta,386
https://es.wikipedia.org/wiki/Flora,300
https://es.wikipedia.org/wiki/Wikipedia:Candidatos_a_art%C3%ADculos_destacados,287
https://es.wikipedia.org/wiki/Wikipedia:Manual_de_revisiones_VECAD,141
https://es.wikipedia.org/wiki/Zumo,196
https://es.wikipedia.org/wiki/Olor,168
https://es.wikipedia.org/wiki/Portal:Geograf%C3%ADa,352
https://es.wikipedia.org/wiki/Opuntia_pubescens,186
https://es.wikipedia.org/wiki/Bryophyta_sensu_lato,266
https://es.wikipedia.org/wiki/Embryophyta,362
https://es.wikipedia.org/wiki/Wikipedia:Revalidaci%C3%B3n_de_art%C3%ADculos_destacados,287
https://es.wikipedia.org/wiki/Sabor,412
https://es.wikipedia.org/wiki/Helechos_y_afines,505
https://es.wikipedia.org/wiki/Pteridophyta,504
https://es.wikipedia.org/wiki/Wikiproyecto:Traducci%C3%B3n_de_art%C3%ADculos_destacados,450
https://es.wikipedia.org/wiki/Bot%C3%A1nica,859
https://es.wikipedia.org/wiki/Fotos%C3%ADntesis,796
https://es.wikipedia.org/wiki/Tallo,863
https://es.wikipedia.org/wiki/Gu%C3%ADas_de_n%C3%A9ctar,102
https://es.wikipedia.org/wiki/Fruto,969
http://www.etsmre.upv.es/varios/biologia/Web_Frutos/Dispersi%C3%B3n.htm,12
https://es.wikipedia.org/wiki/Avispa,291
http://www.euita.upv.es/varios/biologia/Web_Frutos/Frutos%20complejos.htm,29
https://es.wikipedia.org/wiki/Tr%C3%A9bol,350
https://es.wikipedia.org/wiki/Wikipedia:Art%C3%ADculos_destacados/%C3%8Dndice,1200
https://es.wikipedia.org/wiki/Hoja,1294
https://es.wikipedia.org/wiki/Archivo:Blue_rose.jpg,113
https://web.archive.org/web/*/http://cel.isiknowledge.com/InboundService.do?product=CEL&action=retrieve&SrcApp=Highwire&UT=000073923900015&SID=R2EOPJ%40NccMjncDHKE1&Init=Yes&SrcAuth=Highwire&mode=FullRecord&customersID=Highwire,144
https://web.archive.org/web/20160601100234/http://cel.isiknowledge.com/InboundService.do?product=CEL&action=retrieve&SrcApp=Highwire&UT=000073923900015&SID=R2EOPJ%40NccMjncDHKE1&Init=Yes&SrcAuth=Highwire&mode=FullRecord&customersID=Highwire,143
https://es.wikipedia.org/wiki/Animal,1233
https://es.wikipedia.org/wiki/Alfalfa,530
https://web.archive.org/web/20090418174235/http://www.hiperbotanica.net/tema6/6_1fruto.htm,90
https://es.wikipedia.org/wiki/Himen%C3%B3ptero,576
https://web.archive.org/web/20090917181212/http://www.biologia.edu.ar/botanica/tema4/4_3simetr.htm,79
https://es.wikipedia.org/wiki/Especial:FuentesDeLibros/978-0-87893-407-2,179
https://tg.wikipedia.org/wiki/%D0%9C%D0%B5%D0%B2%D0%B0,221
https://sw.wikipedia.org/wiki/Tunda,273
https://es.wikipedia.org/wiki/Papilionoideae,756
https://es.wikipedia.org/wiki/Mebibyte,175
http://darwin-online.org.uk/content/frameset?viewtype=text&itemID=F1717&pageseq=1,1
https://es.wikipedia.org/wiki/Flor,1661
https://hiperbotanica.net,61
https://te.wikipedia.org/wiki/%E0%B0%AA%E0%B0%82%E0%B0%A1%E0%B1%81,407
https://es.wikipedia.org/wiki/Discusi%C3%B3n:Flor,129
http://www.biologia.edu.ar/botanica/tema4/4_2flor.htm,66
http://www.biologia.edu.ar/botanica/tema4/4_3simetr.htm,57
https://es.wikipedia.org/wiki/Batalla_del_Nilo,1783
https://es.wikipedia.org/wiki/Joker_(personaje),1896
https://sv.wikipedia.org/wiki/Frukt,592
http://www.plantphysiol.org/content/46/1/150.abstract?ijkey=440d892be29dca63e25cf3e2ccf0239c4f3d7c1e&keytype2=tf_ipsecsha,151
https://es.wikipedia.org/wiki/Categor%C3%ADa:Flores,367
https://ta.wikipedia.org/wiki/%E0%AE%AA%E0%AE%B4%E0%AE%AE%E0%AF%8D,615
https://es.wikipedia.org/wiki/Especial:FuentesDeLibros/978-1-62846-238-8,179
https://gd.wikipedia.org/wiki/Bl%C3%A0th,224
https://www.wikidata.org/wiki/Q506,353
https://es.wikipedia.org/wiki/Categor%C3%ADa:Supervillanos_de_DC_Comics,290
https://commons.wikimedia.org/wiki/Category:Joker_(comics),227
https://es.wikipedia.org/wiki/Categor%C3%ADa:Personajes_de_DC_Comics,324
https://es.wikipedia.org/wiki/Categor%C3%ADa:Wikipedia:Art%C3%ADculos_con_identificadores_VIAF,308
https://es.wikipedia.org/wiki/12_fantas%C3%ADas_para_flauta_solo_(Telemann),85
https://as.wikipedia.org/wiki/%E0%A6%AB%E0%A7%81%E0%A6%B2,400
https://zh-yue.wikipedia.org/wiki/%E5%B0%8F%E4%B8%91_(%E8%9D%99%E8%9D%A0%E4%BF%A0%E6%BC%AB%E7%95%AB),112
https://es.wikipedia.org/wiki/21_Japonesas,100
https://lmo.wikipedia.org/wiki/Fi%C3%B9r,326
https://sr.wikipedia.org/wiki/%D0%8F%D0%BE%D0%BA%D0%B5%D1%80_(%D0%91%D0%B5%D1%82%D0%BC%D0%B5%D0%BD_%D1%81%D0%B5%D1%80%D0%B8%D1%98%D0%B0%D0%BB),134
https://hr.wikipedia.org/wiki/Joker,155
https://es.wikipedia.org/wiki/7_Seconds,170
https://cs.wikipedia.org/wiki/Kv%C4%9Bt,485
http://search.frontier.com/search/?q=http://www.imdb.es%2Fcharacter%2Fch0000180%2F&bc=,15
https://es.wikipedia.org/wiki/7.%C2%BA_Regimiento_de_Caballer%C3%ADa_(Estados_Unidos),208
https://es.wikipedia.org/wiki/Ruta_Estatal_de_Arizona_72,128
https://sv.wikipedia.org/wiki/Jokern,445
https://es.wikipedia.org/wiki/Ruta_Estatal_de_Arizona_82,127
https://es.wikipedia.org/wiki/Categor%C3%ADa:Wikipedia:Art%C3%ADculos_con_control_de_autoridades,158
https://es.wikipedia.org/wiki/Interestatal_73,143
https://es.wikipedia.org/wiki/Ruta_Estatal_de_Arizona_71,131
https://sv.wikipedia.org/wiki/Young_Justice,90
https://es.wikipedia.org/wiki/Ruta_Estatal_de_Arizona_80,139
https://es.wikipedia.org/wiki/70_Pine_Street,224
https://data.bnf.fr/en/16979847/joker__personnage_fictif_/,61
https://commons.wikimedia.org/wiki/Category:Flowers,720
https://es.wikipedia.org/wiki/81_Produce,367
https://es.wikipedia.org/wiki/Archivo:12_Years_a_Slave_NYFF_(1).jpg,78
https://es.wikipedia.org/wiki/Copista,137
https://sv.wikipedia.org/wiki/Super_Buddies,180
https://www.dccomics.com/characters/joker,458
https://es.wikipedia.org/wiki/Festival_de_Cine_de_Nueva_York,116
https://es.wikipedia.org/wiki/Cine_arte,130
https://es.wikipedia.org/wiki/12_a%C3%B1os_de_esclavitud_(banda_sonora),163
https://bs.wikipedia.org/wiki/Kategorija:%C4%8Clanci_sa_identifikatorom_VIAF,311
https://sh.wikipedia.org/wiki/Kategorija:Wikipedijini_%C4%8Dlanci_sa_VIAF_identifikatorima,297
https://es.wikipedia.org/wiki/Metacritic,195
https://es.wikipedia.org/wiki/Documental,278
https://bn.wikipedia.org/wiki/%E0%A6%AC%E0%A6%BF%E0%A6%B7%E0%A6%AF%E0%A6%BC%E0%A6%B6%E0%A7%8D%E0%A6%B0%E0%A7%87%E0%A6%A3%E0%A7%80:%E0%A6%89%E0%A6%87%E0%A6%95%E0%A6%BF%E0%A6%AA%E0%A6%BF%E0%A6%A1%E0%A6%BF%E0%A6%AF%E0%A6%BC%E0%A6%BE_%E0%A6%A8%E0%A6%BF%E0%A6%AC%E0%A6%A8%E0%A7%8D%E0%A6%A7_%E0%A6%AD%E0%A6%BF%E0%A6%86%E0%A6%87%E0%A6%8F%E0%A6%8F%E0%A6%AB_%E0%A6%AA%E0%A6%B0%E0%A6%BF%E0%A6%9A%E0%A6%AF%E0%A6%BC%E0%A7%87,305
https://zh-min-nan.wikipedia.org/wiki/L%C5%ABi-pia%CC%8Dt:H%C3%A2m_VIAF_sek-pia%CC%8Dt-h%C5%8D_%C3%AA_Wikipedia_b%C3%BBn-chiu%E2%81%BF,309
https://es.wikipedia.org/wiki/Tailandia,1306
https://sh.wikipedia.org/wiki/Abu_Mena,208
https://es.wikipedia.org/wiki/12_a%C3%B1os_de_esclavitud,728
https://es.wikipedia.org/wiki/New_York_Times,349
https://sh.wikipedia.org/wiki/Abu_Hamza_al-Masri,146
https://sh.wikipedia.org/wiki/Abu_Davud,189
https://es.wikipedia.org/wiki/Sean_Combs,332
https://hu.wikipedia.org/wiki/Joker_(DC_Comics),752
https://es.wikipedia.org/wiki/Los_descendientes,370
https://sv.wikipedia.org/wiki/Green_Lantern,330
https://sv.wikipedia.org/wiki/Flash_(seriefigur),326
https://sv.wikipedia.org/wiki/Justice_League_International,521
https://es.wikipedia.org/wiki/Rotten_Tomatoes,411
https://es.wikipedia.org/wiki/Parade_(revista),73
https://sh.wikipedia.org/wiki/Douglas_Adams,252
https://sv.wikipedia.org/wiki/Justice_League,521
https://sh.wikipedia.org/wiki/Abu_Hanifa,314
https://sh.wikipedia.org/wiki/Bryan_Adams,282
https://es.wikipedia.org/wiki/Black_Swan,549
https://es.wikipedia.org/wiki/Kanye_West,497
https://sh.wikipedia.org/wiki/Amy_Adams,369
https://es.wikipedia.org/wiki/Discusi%C3%B3n:Black_Swan,95
https://es.wikipedia.org/wiki/Andrew_Garfield,645
https://zh-yue.wikipedia.org/wiki/%E9%BB%91%E5%A4%A9%E9%B5%9D,125
https://sv.wikipedia.org/wiki/Zorro,173
https://sv.wikipedia.org/wiki/Black_Hole,79
https://web.archive.org/web/20110430205338/http://www.cinemania.es/actualidad/noticias/6681/la-bailarina-de-cisne-negro-destapa-a-natalie-portman,232
https://sv.wikipedia.org/wiki/Hardboiled,70
https://zh.wikipedia.org/wiki/%E8%97%9D%E8%A1%93%E9%9B%BB%E5%BD%B1,377
https://sv.wikipedia.org/wiki/Amerikanska_serier,820
https://es.wikipedia.org/wiki/David_Fincher,701
https://www.webcitation.org/5sB8jhe5W?url=http://www.parade.com/celebrity/celebrity-parade/2009/0903-mila-kunis-extract.html,0
https://sv.wikipedia.org/wiki/Robert_E._Howard,195
https://sv.wikipedia.org/wiki/Kategori:Tecknade_serier_land_f%C3%B6r_land,88
https://www.webcitation.org/5sK8mlJQy?url=http://www.nytimes.com/2009/12/19/arts/dance/19parkinson.html?_r=1,0
https://sv.wikipedia.org/wiki/Marockos_litteratur,173
https://sv.wikipedia.org/wiki/Mall:Navigationsruta_tecknade_serier,127
https://ur.wikipedia.org/wiki/%D9%81%D9%86%DB%8C_%D9%81%D9%84%D9%85,505
https://es.wikipedia.org/wiki/Wikipedia:Art%C3%ADculos_buenos,3562
https://sv.wikipedia.org/wiki/Kategori:Tecknade_serier_i_USA,62
https://sv.wikipedia.org/wiki/Kategori:Artiklar_som_beh%C3%B6ver_fler_k%C3%A4llor_2014-08,104
https://vi.wikipedia.org/wiki/Phim_ngh%E1%BB%87_thu%E1%BA%ADt,535
https://sv.wikipedia.org/wiki/Serie%C3%A5ret_2015,233
https://sv.wikipedia.org/wiki/Historisk_serie,154
https://sv.wikipedia.org/wiki/Kategori:Litteratur%C3%B6versikter,109
https://sv.wikipedia.org/wiki/Superman,835
https://www.webcitation.org/5rlueS6jv?url=http://moviesblog.mtv.com/2010/08/05/natalie-portman-likens-black-swan-to-rosemarys-baby-in-terms-of-tone/,0
https://da.wikipedia.org/wiki/Black_Swan,249
https://sv.wikipedia.org/wiki/Serie%C3%A5ret_2009,323
https://sv.wikipedia.org/wiki/Justice_League_(film),857
https://sv.wikipedia.org/wiki/Estnisk_litteratur,268
https://ta.wikipedia.org/wiki/%E0%AE%85%E0%AE%AE%E0%AF%86%E0%AE%B0%E0%AE%BF%E0%AE%95%E0%AF%8D%E0%AE%95_%E0%AE%95%E0%AE%BE%E0%AE%AE%E0%AE%BF%E0%AE%95%E0%AF%8D_%E0%AE%AA%E0%AF%81%E0%AE%A4%E0%AF%8D%E0%AE%A4%E0%AE%95%E0%AE%AE%E0%AF%8D,109
https://sv.wikipedia.org/wiki/Mall:DC_Comics-filmer,124
https://sv.wikipedia.org/wiki/Erotisk_serie,192
https://www.nytimes.com/2009/12/19/arts/dance/19parkinson.html,170
https://sv.wikipedia.org/wiki/Fil:Comiclogo.png,250
https://sv.wikipedia.org/wiki/Dansk_litteratur,215
https://sv.wikipedia.org/wiki/Fantasyserie,161
https://es.wikipedia.org/wiki/Especial:LoQueEnlazaAqu%C3%AD/Wikipedia:Art%C3%ADculos_buenos,202
https://sv.wikipedia.org/wiki/Fabeldjursserie,206
https://es.wikipedia.org/wiki/Cuberter%C3%ADa,280
https://parade.com/27646/jeannewolf/0903-mila-kunis-extract/,208
https://zh.wikipedia.org/wiki/%E7%BE%8E%E5%9B%BD%E6%BC%AB%E7%94%BB%E4%B9%A6,359
https://sv.wikipedia.org/wiki/Fil:Akvarellf%C3%A4rgl%C3%A4ggning_Tinet_Elmgren_Socker%C3%A4rter-540p.ogv,57
https://bi.wikipedia.org/wiki/Wikipedia:Gud_atikel,129
https://bh.wikipedia.org/wiki/%E0%A4%B5%E0%A4%BF%E0%A4%95%E0%A4%BF%E0%A4%AA%E0%A5%80%E0%A4%A1%E0%A4%BF%E0%A4%AF%E0%A4%BE:%E0%A4%A8%E0%A5%80%E0%A4%95_%E0%A4%B2%E0%A5%87%E0%A4%96,150
https://sv.wikipedia.org/wiki/Osamu_Tezuka,153
https://sv.wikipedia.org/wiki/Efterkrigstiden,140
https://sv.wikipedia.org/wiki/Buster_(serietidning),158
https://fy.wikipedia.org/wiki/Wikipedy:Nijsgjirrige_siden,196
https://sv.wikipedia.org/wiki/Fil:Xkcd_philosophy.png,133
https://sv.wikipedia.org/wiki/Seriecenter,103
https://sv.wikipedia.org/wiki/Judge_Dredd,184
https://ne.wikipedia.org/wiki/%E0%A4%B5%E0%A4%BF%E0%A4%95%E0%A4%BF%E0%A4%AA%E0%A4%BF%E0%A4%A1%E0%A4%BF%E0%A4%AF%E0%A4%BE:%E0%A4%89%E0%A4%A4%E0%A5%8D%E0%A4%95%E0%A5%83%E0%A4%B7%E0%A5%8D%E0%A4%9F_%E0%A4%B2%E0%A5%87%E0%A4%96%E0%A4%B9%E0%A4%B0%E0%A5%82,180
https://sv.wikipedia.org/wiki/Numrering_av_konstarter,204
https://sv.wikipedia.org/wiki/Svensk_seriehistoria,342
https://sv.wikipedia.org/wiki/Semiotik,233
https://gl.wikipedia.org/wiki/Wikipedia:Artigos_bos,285
https://en.wikipedia.org/wiki/User:HippoOnCampus,73
https://sv.wikipedia.org/wiki/Tecknade_serier_i_Spanien,296
https://sv.wikipedia.org/wiki/Lista_%C3%B6ver_filmer_baserade_p%C3%A5_DC_Comics,622
https://sv.wikipedia.org/wiki/Tinet_Elmgren,338
https://es.wikipedia.org/wiki/Wikipedia_discusi%C3%B3n:Art%C3%ADculos_buenos,717
https://sv.wikipedia.org/wiki/G%C3%B6teborgs_universitet,340
https://sv.wikipedia.org/wiki/Tecknade_serier_i_USA,819
https://pt.wikipedia.org/wiki/Comics,648
https://sv.wikipedia.org/wiki/Datorspel,448
https://sv.wikipedia.org/wiki/Tecknad_serie,976
https://sv.wikipedia.org/wiki/Litteraturkritik,163
https://sv.wikipedia.org/wiki/Klassicism,188
https://sv.wikipedia.org/wiki/Umberto_Eco,424
https://en.wikipedia.org/wiki/User:Tenebrae,450
https://sv.wikipedia.org/wiki/Romantikens_litteratur,256
https://sv.wikipedia.org/wiki/Biblioteksvetenskap,173
https://sv.wikipedia.org/wiki/Barockens_litteratur,276
https://zh.wikipedia.org/wiki/Category:%E4%BD%BF%E7%94%A8ISBN%E9%AD%94%E6%9C%AF%E9%93%BE%E6%8E%A5%E7%9A%84%E9%A1%B5%E9%9D%A2,460
https://sv.wikipedia.org/wiki/Stilistik,252
https://sv.wikipedia.org/wiki/Realismens_litteratur,328
https://sv.wikipedia.org/wiki/Ren%C3%A4ssansens_litteratur,301
https://sv.wikipedia.org/wiki/Medeltidens_litteratur,340
https://sv.wikipedia.org/wiki/Anime,592
https://sv.wikipedia.org/wiki/Upplysningstiden,337
https://sv.wikipedia.org/wiki/Paleografi,389
https://sv.wikipedia.org/wiki/Lyrik,379
https://sv.wikipedia.org/wiki/Internet,727
https://sv.wikipedia.org/wiki/%C3%96vers%C3%A4ttning,447
https://zh-yue.wikipedia.org/wiki/%E6%BC%AB%E7%95%AB,181
https://no.wikipedia.org/wiki/Wikipedia:Anbefalte_artikler,951
https://www.lefigaro.fr/bd/2012/10/29/03014-20121029ARTFIG00332-de-la-bd-consideree-comme-un-des-beaux-arts.php,264
https://vi.wikipedia.org/wiki/Truy%E1%BB%87n_tranh,359
https://yi.wikipedia.org/wiki/%D7%A7%D7%90%D7%9E%D7%99%D7%A7%D7%A1,182
https://wuu.wikipedia.org/wiki/%E6%BC%AB%E7%94%BB,178
https://bat-smg.wikipedia.org/wiki/Kuom%C4%97ks%C4%81,177
https://wa.wikipedia.org/wiki/Binde_d%27_im%C3%A5djes,247
https://en.wikipedia.org/wiki/The_Dominion_Post_(Wellington),248
https://vls.wikipedia.org/wiki/Strip,231
https://war.wikipedia.org/wiki/Komix,238
https://sv.wikipedia.org/wiki/Brasilien,1053
https://web.archive.org/web/20110128105627/http://www.variety.com/article/VR1117979263,152
https://web.archive.org/web/20160116015309/http://www.hollywoodreporter.com/heat-vision/amber-heard-talks-star-aquaman-848622,89
https://web.archive.org/web/20110725173738/http://blog.moviefone.com/2007/02/03/david-goyer-booted-off-the-flash/,236
https://web.archive.org/web/20110128192437/http://www.variety.com/article/VR1117976802,152
https://www.youtube.com/watch?v=gglkYMGRYlE,69
https://web.archive.org/web/20141022000948/http://splashpage.mtv.com/2009/09/02/adam-brody-remembers-his-justice-league-flash-suit-before-the-project-sprinted-away-forever/,219
https://sv.wikipedia.org/wiki/Norden,1156
https://en.wikipedia.org/wiki/Entertainment_Tonight,367
https://web.archive.org/web/20141021124207/http://comicbook.com/2014/10/20/jason-momoa-confirms-aquaman-for-justice-league-thinks-standalon/,198
https://web.archive.org/web/20160306155451/http://www.ew.com/article/2016/03/03/batman-v-superman-dawn-justice-green-lantern-dc-movie-universe/2,174
https://web.archive.org/web/20160308072016/http://www.hollywoodreporter.com/heat-vision/justice-league-adds-jk-simmons-873227,88
https://km.wikipedia.org/wiki/%E1%9E%A2%E1%9F%8A%E1%9E%B8%E1%9E%93%E1%9E%92%E1%9E%BE%E1%9E%8E%E1%9F%81%E1%9E%8F,292
https://web.archive.org/web/20160724115528/https://www.youtube.com/watch?v=gglkYMGRYlE,86
https://web.archive.org/web/20171116215330/http://variety.com/2017/film/news/justice-league-dc-reviews-box-office-ben-affleck-1202615975/,215
https://web.archive.org/web/20141028211341/http://popwatch.ew.com/2014/04/25/superman-batman-cyborg-snyder/,273
https://en.wikipedia.org/wiki/JoBlo.com,689
https://zh.wikipedia.org/wiki/%E6%AD%A3%E7%BE%A9%E8%81%AF%E7%9B%9F_(%E9%9B%BB%E5%BD%B1),1588
https://sv.wikipedia.org/wiki/Litteraturhistoria,1428
https://es.wikipedia.org/wiki/Chile,5689
https://web.archive.org/web/20141022034105/http://insidemovies.ew.com/2014/10/21/ray-fisher-dc-cyborg-movie/,276
https://it.wikipedia.org/wiki/Politico,283
https://it.wikipedia.org/wiki/Pagina_principale#mw-head,399
https://it.wikipedia.org/wiki/Ipocoristico,103
https://it.wikipedia.org/wiki/Gentilizio,98
https://it.wikipedia.org/wiki/Patronimico,155
https://it.wikipedia.org/wiki/Discussione:Politico,52
https://it.wikipedia.org/wiki/Durante,244
https://it.wikipedia.org/wiki/Alterazione_(linguistica)#Diminutivo_ed_accrescitivo,166
https://it.wikipedia.org/wiki/Poeta,267
https://it.wikipedia.org/wiki/Jacopo_Alighieri,382
https://it.wikipedia.org/wiki/Morti_nel_1265,107
https://sq.wikipedia.org/wiki/Politikani,164
https://mn.wikipedia.org/wiki/%D0%A3%D0%BB%D1%81_%D1%82%D3%A9%D1%80%D1%87,142
https://it.wikipedia.org/wiki/Scrittore,502
https://fa.wikipedia.org/wiki/%D8%B3%DB%8C%D8%A7%D8%B3%D8%AA%D9%85%D8%AF%D8%A7%D8%B1,252
https://it.wikipedia.org/wiki/Wikipedia:Politica_di_protezione_delle_pagine#Protezione_parziale,231
https://gl.wikipedia.org/wiki/Hipocor%C3%ADstico,107
https://sv.wikipedia.org/wiki/Hypokorism,80
https://sr.wikipedia.org/wiki/%D0%A5%D0%B8%D0%BF%D0%BE%D0%BA%D0%BE%D1%80%D0%B8%D1%81%D1%82%D0%B8%D0%BA,87
https://fa.wikipedia.org/wiki/%D8%B1%D8%B3%D8%A7%D9%86%D9%87,162
https://sq.wikipedia.org/wiki/Speciale:Kontributet%C3%ABMiat,47
https://wa.wikipedia.org/wiki/Raptitixhant_no_d%27_djin,149
https://sq.wikipedia.org/wiki/Diskutim:Politikani,54
https://it.wikipedia.org/wiki/14_settembre,503
https://sq.wikipedia.org/wiki/Wikipedia:Mir%C3%ABsevini,109
https://sq.wikipedia.org/wiki/Politika,249
https://it.wikipedia.org/wiki/13_settembre,529
https://it.wikipedia.org/wiki/Accademia_berbera,98
https://fa.wikipedia.org/wiki/%D8%AA%D8%B5%D9%85%DB%8C%D9%85%E2%80%8C%DA%AF%DB%8C%D8%B1%DB%8C,148
https://sq.wikipedia.org/wiki/Skeda:London_Summit_2009-1.jpg,124
https://it.wikipedia.org/wiki/Calendario_berbero,443
https://it.wikipedia.org/wiki/File:Berber_Calendars.jpg,93
https://sq.wikipedia.org/wiki/Speciale:FaqetSpeciale,172
https://sq.wikipedia.org/wiki/Faqja_kryesore,217
https://it.wikipedia.org/wiki/Qayrawan,264
https://it.wikipedia.org/wiki/Gerba,253
https://it.wikipedia.org/wiki/Categoria:Voci_entrate_in_vetrina_nel_mese_di_dicembre_2006,56
https://it.wikipedia.org/wiki/Categoria:Culture_del_Nordafrica,59
https://it.wikipedia.org/wiki/Arabizzazione,149
https://sq.wikipedia.org/wiki/Wikipedia:Shfaj%C3%ABsimet_e_p%C3%ABrgjithshme,235
https://it.wikipedia.org/wiki/1265,690
https://it.wikipedia.org/wiki/Categoria:Voci_in_vetrina_-_agricoltura,61
https://wa.wikipedia.org/wiki/Sipeci%C3%A5s:P%C3%A5djes_sipeci%C3%A5les,155
https://it.wikipedia.org/wiki/1321,694
https://it.wikipedia.org/wiki/Egira,233
https://sq.wikipedia.org/wiki/Wikipedia:Rreth,141
https://it.wikipedia.org/wiki/Gran_Canaria,365
https://it.wikipedia.org/wiki/Aur%C3%A8s,248
https://wa.wikipedia.org/wiki/Sipeci%C3%A5s:Pages_li%C3%A9es/Raptitixhant_no_d%27_djin,80
https://it.wikipedia.org/wiki/Almanacco,269
https://it.wikipedia.org/wiki/Ibaditi,300
https://it.wikipedia.org/wiki/Cronologia_tuareg,278
https://it.wikipedia.org/wiki/XI_secolo,403
https://it.wikipedia.org/wiki/Categoria:Voci_in_vetrina_-_astronomia,124
https://it.wikipedia.org/wiki/Identit%C3%A0_(scienze_sociali),252
https://wa.wikipedia.org/wiki/Calindr%C3%AE_amazir,93
http://www.tawalt.com/?p=22749,74
https://it.wikipedia.org/wiki/Era_(tempo),338
https://it.wikipedia.org/wiki/Societ%C3%A0_(sociologia),327
https://it.wikipedia.org/wiki/1269,667
https://it.wikipedia.org/wiki/Speciale:PuntanoQui/Calendario_berbero,206
https://it.wikipedia.org/wiki/Giado,350
https://it.wikipedia.org/wiki/Calendario_romano,528
https://it.wikipedia.org/wiki/Giano,390
https://it.wikipedia.org/wiki/Grotta,579
https://it.wikipedia.org/wiki/Categoria:Voci_in_vetrina_su_it.wiki,308
https://fa.wikipedia.org/wiki/%D9%82%D8%A7%D9%86%D9%88%D9%86,551
https://it.wikipedia.org/wiki/1310,749
https://ko.wikipedia.org/wiki/%EB%B2%A0%EB%A5%B4%EB%B2%A0%EB%A5%B4%EB%A0%A5,101
https://foundation.wikimedia.org/wiki/Privacy_policy,357
https://it.wikipedia.org/wiki/Personaggi_di_Neon_Genesis_Evangelion#Yui_Ikari,1015
https://lt.wikipedia.org/wiki/Berber%C5%B3_kalendorius,187
https://bs.wikipedia.org/wiki/1265.,243
https://it.wikipedia.org/wiki/Speciale:ModificheCorrelate/Calendario_berbero,439
https://vi.wikipedia.org/wiki/L%E1%BB%8Bch_Berber,222
https://it.wikipedia.org/wiki/Deserto,719
https://fa.wikipedia.org/wiki/%DB%B1%DB%B2%DB%B6%DB%B9_(%D9%85%DB%8C%D9%84%D8%A7%D8%AF%DB%8C),386
https://fo.wikipedia.org/wiki/1269,202
https://eu.wikipedia.org/wiki/1269,282
https://tk.wikipedia.org/wiki/1269,219
https://zh-yue.wikipedia.org/wiki/1269%E5%B9%B4,216
https://it.wikipedia.org/wiki/Scandalo,225
https://fi.wikipedia.org/wiki/1269,324
https://it.wikipedia.org/wiki/Addio_al_celibato,149
https://it.wikipedia.org/wiki/Soraya_Esfandiary_Bakhtiari,279
https://commons.wikimedia.org/wiki/Category:Politicians?uselang=sq,790
https://it.wikipedia.org/wiki/Handfasting,188
https://mai.wikipedia.org/wiki/%E0%A4%95%E0%A4%BE%E0%A4%A8%E0%A5%82%E0%A4%A8,259
https://it.wikipedia.org/wiki/Coppia_(sociologia),177
https://it.wikipedia.org/wiki/Dink,141
https://zh-yue.wikipedia.org/wiki/%E6%B3%95%E5%BE%8B,223
https://it.wikipedia.org/wiki/Sedotta_e_abbandonata,390
http://www.treccani.it/enciclopedia/matrimonio_(Dizionario-di-Storia)/,151
https://it.wikipedia.org/wiki/Cicisbeo,192
https://it.wikipedia.org/wiki/Smoking,302
https://zh-min-nan.wikipedia.org/wiki/Hoat-lu%CC%8Dt,293
https://it.wikipedia.org/wiki/Matrimonio,1200
https://it.wikipedia.org/wiki/Cortigiano,259
https://www.depechedekabylie.com/?news=15053,280
https://fr.wikipedia.org/wiki/Droit,504
https://it.wikipedia.org/wiki/Attrazione_sessuale,268
https://it.wikipedia.org/wiki/Burusera,260
https://it.wikipedia.org/wiki/Camgirl,235
https://it.wikipedia.org/wiki/Genitore,380
https://it.wikipedia.org/wiki/Pietro_Germi,576
https://it.wikipedia.org/wiki/Industria_del_sesso,293
https://it.wikipedia.org/wiki/Riconoscimento_della_fertilit%C3%A0,333
https://it.wikiquote.org/wiki/Matrimonio,331
https://it.wikipedia.org/wiki/Bambola_sessuale,336
https://it.wikipedia.org/wiki/Asessualit%C3%A0,436
https://it.wikipedia.org/wiki/Mutilazioni_genitali_femminili,426
https://it.wikipedia.org/wiki/Ravenna,1807
https://it.wikipedia.org/wiki/Stalking,473
https://it.wikipedia.org/wiki/Storia_della_masturbazione,509
https://it.wikipedia.org/wiki/Storia_della_nudit%C3%A0,509
https://it.wikipedia.org/wiki/Teoria_della_scelta_razionale_(criminologia),163
https://it.wikipedia.org/wiki/Categoria:Violenza,182
https://it.wikipedia.org/wiki/Giovanni_Boccaccio,2157
https://ps.wikipedia.org/wiki/%D9%88%D8%A7%D8%AF%D9%87,194
https://pnb.wikipedia.org/wiki/%D9%88%DB%8C%D8%A7%DB%81,198
https://it.wikipedia.org/wiki/Omogenitorialit%C3%A0,781
https://it.wikipedia.org/wiki/Zina_(Islam),157
https://pnb.wikipedia.org/wiki/%D8%AE%D8%A7%D8%B5:Categories,100
https://it.wikipedia.org/wiki/Storia_della_prostituzione,764
https://pms.wikipedia.org/wiki/Mariage,223
https://it.wikipedia.org/wiki/Tempio_Ka%E1%B9%87%E1%B8%8D%C4%81riy%C4%81_Mah%C4%81deva,135
https://it.wikipedia.org/wiki/Jayadeva,179
https://pt.wikipedia.org/wiki/Direito,975
https://it.wikipedia.org/wiki/Categoria:Termini_giuridici,239
https://it.wikipedia.org/wiki/Koka_Sastra,224
https://oc.wikipedia.org/wiki/Maridatge,263
https://it.wikipedia.org/wiki/Libido,838
https://it.wikipedia.org/wiki/Abbandono_(diritto),198
https://it.wikipedia.org/wiki/Categoria:Collegamento_interprogetto_a_Wikinews_presente_ma_assente_su_Wikidata,290
https://it.wikipedia.org/wiki/Storia_della_sessualit%C3%A0_umana,803
https://or.wikipedia.org/wiki/%E0%AC%AC%E0%AC%BF%E0%AC%AC%E0%AC%BE%E0%AC%B9,335
https://it.wikipedia.org/wiki/Malattia_sessualmente_trasmissibile,921
https://id.ndl.go.jp/auth/ndlsh/00827214,25
https://pa.wikipedia.org/wiki/%E0%A8%B5%E0%A8%BF%E0%A8%86%E0%A8%B9,331
https://pms.wikipedia.org/wiki/Lenga_piemont%C3%A8isa,315
https://pnb.wikipedia.org/wiki/%D9%84%D9%88%DA%A9,147
https://bs.wikipedia.org/wiki/Kategorija:Latinski_pravni_izrazi,105
https://mn.wikipedia.org/wiki/%D0%90%D0%BD%D0%B3%D0%B8%D0%BB%D0%B0%D0%BB:%D0%A5%D1%83%D1%83%D0%BB%D0%B8%D0%B9%D0%BD_%D1%85%D1%8D%D0%BB,96
https://pms.wikipedia.org/wiki/Figura:Drap%C3%B2_piemont%C3%A8is.png,154
https://it.wikipedia.org/wiki/Arte_rupestre,340
https://pnb.wikipedia.org/wiki/%D9%86%D8%A7%DA%BA,181
https://it.wikipedia.org/wiki/Categoria:Errori_di_compilazione_del_template_Interprogetto,75
https://it.wikipedia.org/wiki/Lingua_hindi,422
https://it.wikipedia.org/wiki/Babilonesi,335
https://it.wikipedia.org/wiki/Allah,410
https://no.wikipedia.org/wiki/Ekteskap,449
https://it.wikipedia.org/wiki/Folclore,523
https://ms.wikipedia.org/wiki/Kategori:Istilah_undang-undang,111
https://bg.wikipedia.org/wiki/%D0%9A%D0%B0%D1%82%D0%B5%D0%B3%D0%BE%D1%80%D0%B8%D1%8F:%D0%9F%D1%80%D0%B0%D0%B2%D0%BD%D0%B8_%D1%82%D0%B5%D1%80%D0%BC%D0%B8%D0%BD%D0%B8,147
https://be.wikipedia.org/wiki/%D0%9A%D0%B0%D1%82%D1%8D%D0%B3%D0%BE%D1%80%D1%8B%D1%8F:%D0%9F%D1%80%D0%B0%D0%B2%D0%B0%D0%B2%D0%B0%D1%8F_%D1%82%D1%8D%D1%80%D0%BC%D1%96%D0%BD%D0%B0%D0%BB%D0%BE%D0%B3%D1%96%D1%8F,97
https://pt.wikipedia.org/wiki/Ficheiro:Military_Engineering_Institute.jpg,78
https://pt.wikipedia.org/wiki/Ficheiro:Feup.JPG,91
https://pnb.wikipedia.org/wiki/%D9%88%DA%A9%DB%8C%D9%BE%DB%8C%DA%88%DB%8C%D8%A7:%D8%A8%D8%A7%D8%B1%DB%92_%D9%88%DA%86,376
https://pt.wikipedia.org/wiki/Engenharia_zoot%C3%A9cnica,176
https://be.wikipedia.org/wiki/%D0%9A%D0%B0%D1%82%D1%8D%D0%B3%D0%BE%D1%80%D1%8B%D1%8F:%D0%A2%D1%8D%D1%80%D0%BC%D1%96%D0%BD%D0%B0%D0%BB%D0%BE%D0%B3%D1%96%D1%8F,169
https://be-tarask.wikipedia.org/wiki/%D0%9A%D0%B0%D1%82%D1%8D%D0%B3%D0%BE%D1%80%D1%8B%D1%8F:%D0%9F%D1%80%D0%B0%D0%B2%D0%B0%D0%B2%D1%8B%D1%8F_%D1%82%D1%8D%D1%80%D0%BC%D1%96%D0%BD%D1%8B,106
https://portal.dnb.de/opac.htm?method=simpleSearch&cqlMode=true&query=nid%3D4551174-3,61
https://pt.wikipedia.org/wiki/Ficheiro:Leonardo_self.jpg,192
https://pt.wikipedia.org/wiki/Cientista,276
https://be.wikipedia.org/wiki/%D0%90%D0%B4%D0%BC%D1%8B%D1%81%D0%BB%D0%BE%D0%B2%D0%B0%D0%B5:MyTalk,38
https://be.wikipedia.org/wiki/%D0%90%D0%B4%D0%BC%D1%8B%D1%81%D0%BB%D0%BE%D0%B2%D0%B0%D0%B5:MyContributions,48
https://be.wikipedia.org/wiki/%D0%90%D0%B4%D0%BC%D1%8B%D1%81%D0%BB%D0%BE%D0%B2%D0%B0%D0%B5:Categories,96
https://be.wikipedia.org/wiki/%D0%9A%D0%B0%D1%82%D1%8D%D0%B3%D0%BE%D1%80%D1%8B%D1%8F:%D0%96%D0%B0%D1%80%D0%B3%D0%BE%D0%BD,82
https://pt.wikipedia.org/wiki/Hist%C3%B3ria_da_sexualidade_humana,512
https://it.wikipedia.org/wiki/Neolitico,1016
https://pt.wikipedia.org/wiki/1787,355
https://pt.wikipedia.org/wiki/Engenharia,1019
https://creativecommons.org/licenses/by-sa/3.0/deed.ms,99
https://engenheironaweb.com/2017/03/21/qual-e-a-melhor-universidade-de-engenharia-civil-do-mundo/,86
https://pt.wikipedia.org/wiki/Discuss%C3%A3o:Engenharia,171
https://pt.wikipedia.org/wiki/Engenharia_cer%C3%A2mica,242
https://pt.wikipedia.org/wiki/Floresta,485
https://be.wikipedia.org/wiki/%D0%93%D0%B0%D0%BB%D0%BE%D1%9E%D0%BD%D0%B0%D1%8F_%D1%81%D1%82%D0%B0%D1%80%D0%BE%D0%BD%D0%BA%D0%B0,265
https://pt.wikipedia.org/wiki/Engenharia_industrial,570
https://pt.wikipedia.org/wiki/Especial:P%C3%A1ginas_afluentes/Engenharia,212
https://pt.wikipedia.org/wiki/Engenharia_florestal,551
https://pt.wikipedia.org/wiki/Ficheiro:Nuvola_apps_kcmsystem.png,299
https://pt.wikipedia.org/wiki/Pecu%C3%A1ria,567
https://pl.wikipedia.org/wiki/Ewa_Nowicka-Rusek,108
https://af.wikipedia.org/wiki/Spesiaal:Mybydrae,37
https://zh-min-nan.wikipedia.org/wiki/Kang-t%C3%AAng-ha%CC%8Dk,235
https://sv.wikipedia.org/wiki/Ingenj%C3%B6rsvetenskap,304
https://af.wikipedia.org/wiki/Ingenieurswese,237
https://szy.wikipedia.org/wiki/u_holic_hananay,333
https://pl.wikipedia.org/wiki/Wikis%C5%82ownik,277
https://pl.wikipedia.org/wiki/Specjalna:Ksi%C4%85%C5%BCki/9780495811787,114
https://haw.wikipedia.org/wiki/%CA%BBenehana,219
https://hak.wikipedia.org/wiki/K%C3%BBng-chh%C3%A0ng-ho%CC%8Dk,214
https://pl.wikipedia.org/wiki/Iren%C3%A4us_Eibl-Eibesfeldt,182
https://pt.wikipedia.org/wiki/Especial:Altera%C3%A7%C3%B5es_relacionadas/Engenharia,463
https://vep.wikipedia.org/wiki/Vikipedii,371
https://af.wikipedia.org/wiki/Spesiaal:Mybespreking,38
https://ku.wikipedia.org/wiki/Endezyar%C3%AE,244
https://da.wikipedia.org/wiki/Ingeni%C3%B8rvidenskab,301
https://zu.wikipedia.org/wiki/Wikipedia,373
https://pl.wikipedia.org/wiki/Specjalna:Ksi%C4%85%C5%BCki/0735557926,114
https://pl.wikipedia.org/wiki/JSTOR,164
https://euobserver.com/social/27161,114
http://www.buddhanet.net/funeral.htm,3
https://af.wikipedia.org/wiki/Spesiaal:Spesiale_bladsye,155
https://pl.wikipedia.org/wiki/Specjalna:Ksi%C4%85%C5%BCki/8301075643,114
https://www.wikidata.org/wiki/Q11023,351
https://pl.wikipedia.org/wiki/Kazimierz_Imieli%C5%84ski,177
https://pt.wikipedia.org/wiki/Praga,1078
https://pl.wikipedia.org/wiki/Ma%C5%82%C5%BCe%C5%84stwo,1798
https://pl.wikipedia.org/wiki/Specjalna:Ksi%C4%85%C5%BCki/8301140089,114
https://pl.wikipedia.org/wiki/Specjalna:Ksi%C4%85%C5%BCki/8301130199,114
https://pl.wikipedia.org/wiki/Pa%C5%84stwowy_Instytut_Wydawniczy,274
https://vi.wikipedia.org/wiki/Wikipedia,985
http://wiez.com.pl/2017/02/01/malzenstwo-kwestia-dyskusyjna-spory-i-argumenty-w-usa/,77
https://pl.wikipedia.org/wiki/Theodore_Zeldin,159
https://pl.wikipedia.org/wiki/Andrzej_Ba%C5%84kowski,246
https://www.wnd.com/2009/03/91995/,91
https://pl.wikipedia.org/wiki/Kategoria:Artyku%C5%82y_z_brakuj%C4%85cymi_przypisami_od_2019-10,128
https://www.worldcat.org/title/current-anthropology-a-world-journal-of-the-sciences-man/oclc/909957663,162
https://pl.wikipedia.org/wiki/Kategoria:Zal%C4%85%C5%BCki_sekcji_artyku%C5%82%C3%B3w,258
https://pl.wikipedia.org/wiki/Kategoria:Wyk%C5%82adowcy_Uniwersytetu_Humanistyczno-Przyrodniczego_im._Jana_D%C5%82ugosza_w_Cz%C4%99stochowie,105
https://pl.wikipedia.org/wiki/Wikiprojekt:Czy_wiesz/ekspozycje/2012-04-03,74
https://pl.wikipedia.org/wiki/Stanis%C5%82aw_Trembecki,232
https://pl.wikipedia.org/wiki/Dyskusja_Wikipedii:%C5%B9r%C3%B3d%C5%82a,121
https://www.hrc.org/resources/marriage-equality-around-the-world/,160
https://pl.wikipedia.org/wiki/Specjalna:Linkuj%C4%85ce/Ma%C5%82%C5%BCe%C5%84stwo,390
https://pl.wikipedia.org/wiki/Robert_Stiller,275
https://pl.wikipedia.org/wiki/Specjalna:Zmiany_w_linkowanych/Ma%C5%82%C5%BCe%C5%84stwo,430
https://pl.wikipedia.org/wiki/Specjalna:Linkuj%C4%85ce/Andrzej_Ba%C5%84kowski,208
https://csb.wikipedia.org/wiki/Praga,284
https://pl.wikipedia.org/wiki/Journal_of_Marriage_and_Family,117
http://www.akademicka.pl/index.php?detale=1&a=1&id=27764,48
https://sn.wikipedia.org/wiki/Prague,245
https://pl.wikipedia.org/wiki/Familiocentryzm,64
http://id.loc.gov/vocabulary/countries/xxu.html,108
https://pl.wikipedia.org/wiki/Specjalna:Zmiany_w_linkowanych/Andrzej_Ba%C5%84kowski,244
https://pl.wikipedia.org/wiki/Dyskusja_wikiprojektu:Czy_wiesz/ekspozycje/2012-04-03,191
https://pl.wikipedia.org/wiki/Eugeniusz_S%C5%82uszkiewicz,460
https://os.wikipedia.org/wiki/%D0%9F%D1%80%D0%B0%D0%B3%C3%A6,351
https://af.wikipedia.org/wiki/Kategorie:Artikels_met_NDL-identifiseerders,980
https://pl.wikipedia.org/wiki/Kawaler,77
|https://wiadomosci.gazeta.pl/wiadomosci/1,114881,4950499.html|,330
https://pl.wikipedia.org/wiki/Kategoria:Zmarli_w_2014,447
https://af.wikipedia.org/wiki/Kategorie:Artikels_met_NARA-identifiseerders,977
https://pl.wikipedia.org/wiki/Istv%C3%A1n_Balsai,125
https://pl.wikipedia.org/wiki/Specjalna:Wk%C5%82ad/5.173.162.171,135
https://pl.wikipedia.org/wiki/1197,395
https://pl.wikipedia.org/wiki/Specjalna:Wk%C5%82ad/Cybularny,398
https://pl.wikipedia.org/wiki/Wikiprojekt:Czy_wiesz/archiwum/2012-04,646
https://pl.wikipedia.org/wiki/Andrzej_Aposto%C5%82,649
https://pl.wikipedia.org/wiki/Celtowie,682
https://pl.wikipedia.org/wiki/Wikipedia:Kawiarenka/Artyku%C5%82y_dyskusja/Archiwum/2012-stycze%C5%84,828
https://it.wikipedia.org/wiki/Italia,5204
https://pl.wikipedia.org/wiki/Wikipedia:Kawiarenka/Artyku%C5%82y_dyskusja/Archiwum/2012-czerwiec,938
https://pl.wikipedia.org/wiki/Mercedes-Benz,958
https://pl.wikipedia.org/wiki/Wikipedia:Kawiarenka/Wikipedy%C5%9Bci_dyskusja/Archiwum/2012,1175
https://pl.wikipedia.org/wiki/Wikipedia:Kawiarenka/Artyku%C5%82y_dyskusja/Archiwum/2012-luty,1254
https://pl.wikipedia.org/wiki/Wikipedia:Kawiarenka/Wikipedy%C5%9Bci_dyskusja/Archiwum/2015,2021
https://pl.wikipedia.org/wiki/Zwi%C4%85zek_Socjalistycznych_Republik_Radzieckich,2943
https://pl.wikipedia.org/wiki/Wikipedia:BATUTA_2014/Nauki_stosowane/Medycyna,3286
https://pl.wikipedia.org/wiki/Jan_Pawe%C5%82_II,3422
|https://pl.wikipedia.org/wiki/Wikiprojekt:Sprz%C4%85tanie_disambig%C3%B3w_i_redirect%C3%B3w/artyku%C5%82_z_nawiasem,_bez_linkowa%C5%84|,51000
